name,runningAmps,startupAmps,initiallyEnabled,note
冷蔵庫,2.5,7.5,true,200L級を想定した目安。容量・機種で差がある。
エアコン,6.0,12.0,true,100V・6畳用を想定した高負荷運転の目安。機種・運転条件で差がある。
電子レンジ,15.0,15.0,false,大型機種の加熱時を想定した目安。
洗濯機,5.0,15.0,false,洗濯運転時の高負荷目安。乾燥機能使用時は大きく異なる。
炊飯器,13.0,13.0,false,5.5合IH炊飯器の炊飯時を想定した目安。
掃除機,10.0,15.0,false,強運転時を想定した目安。
電気ケトル,13.0,13.0,false,1300W級を想定した目安。
ドライヤー,12.0,15.0,false,強運転時を想定した目安。
アイロン,14.0,14.0,false,高出力機種を想定した目安。
ヘアアイロン,1.5,1.5,false,150W級を想定した目安。
ノートPC,0.7,1.5,true,65W級ACアダプターでの高負荷を想定し、0.1A刻みに切り上げた目安。
デスクトップPC,1.5,3.0,true,150W級の一般的な構成を想定した目安。
ルーター,0.2,0.5,false,15W級を想定し、0.1A刻みに切り上げた目安。
